"","crime_date","description","inside_outside","weapon","gender","age","race","ethnicity","location","new_district","neighborhood","latitude","longitude","premise_type","zt","zap"
"1","7/20/2026","Auto theft","Inside",NA,"Male","27","Black or African American","Not Hispanic or Latino","2400 LINDEN AVE","Western","Reservoir Hill",39.31497,-76.635921,"Other/residential","1:00","a.m."
"2","7/20/2026","Auto theft","Outside",NA,"Male","63","Black or African American","Not Hispanic or Latino","3300 HAMILTON AVE","Northeast","Waltherson",39.348161,-76.558339,"Street","12:00","a.m."
"3","7/18/2026","Auto theft","Outside",NA,"Female","49","Black or African American","Unknown","6100 NORTHWOOD DR","Northeast","Lake Walker",39.367727,-76.600716,"Street","1:00","a.m."
"4","7/10/2026","Auto theft","Inside",NA,"Male","36","Black or African American","Not Hispanic or Latino","2500 SEAMON AVE","Southern","Cherry Hill",39.253841,-76.623028,"Other/residential","6:00","a.m."
"5","7/10/2026","Auto theft","Inside",NA,"Male","35","Black or African American","Unknown","1000 W BALTIMORE ST","Southwest","Poppleton",39.288884,-76.634434,"Other/residential","7:00","p.m."
"6","6/29/2026","Auto theft","Outside",NA,"Female","79","Black or African American","Unknown","1700 E 28TH ST","Eastern","Coldstream Homestead Montebello",39.324024,-76.5908,"Street","9:50","p.m."
"7","6/29/2026","Auto theft","Outside",NA,NA,"None reported","None reported",NA,"3900 FALLS RD","Northern","Hampden",39.33584,-76.63673,"Mini storage lockers","11:00","p.m."
"8","6/29/2026","Auto theft","Outside",NA,"Female","40","Black or African American","Unknown","1600 N MONROE ST","Western","Easterwood",39.30671,-76.648194,"Street","9:00","p.m."
"9","7/16/2026","Auto theft","Outside",NA,"Male","32","Asian","Unknown","900 S KENWOOD AVE","Southeast","Canton",39.28151,-76.576728,"Street","12:00","a.m."
"10","7/12/2026","Auto theft","Inside",NA,"Female","43","Black or African American","Unknown","4200 LABYRINTH RD","Northwest","Fallstaff",39.358065,-76.709383,"Other/residential","10:00","p.m."
"11","7/13/2026","Auto theft","Inside",NA,"Female","55","Black or African American","Not Hispanic or Latino","1600 KINGSWAY RD","Northeast","Hillen",39.343958,-76.587548,"Other/residential","1:00","a.m."
"12","7/1/2026","Auto theft","Outside",NA,"Female","41","Black or African American","Unknown","1500 N BETHEL ST","Eastern","Oliver",39.307766,-76.596022,"Street","1:00","a.m."
"13","7/13/2026","Auto theft","Outside",NA,"Male","32","Black or African American","Not Hispanic or Latino","1000 S CHARLES ST","Southern","Federal Hill",39.277566,-76.61449,"Street","2:00","a.m."
"14","6/29/2026","Auto theft","Inside",NA,"Male","33","Unknown","Hispanic or Latino","3000 NIEMAN AVE","Southern","Lakeland",39.258067,-76.651244,"Other/residential","5:00","a.m."
"15","7/17/2026","Auto theft","Outside",NA,"Female","31","Black or African American","Unknown","4100 EIERMAN AVE","Northeast","Arcadia",39.329851,-76.565432,"Street","8:00","p.m."
"16","6/25/2026","Auto theft","Outside",NA,"Male","21","None reported","Hispanic or Latino","1400 N LUZERNE AVE","Eastern","Berea",39.307073,-76.581598,"Street","6:00","p.m."
"17","6/26/2026","Auto theft","Inside",NA,"Male","36","None reported","Not Hispanic or Latino","500 N ROSE ST","Southeast","Mcelderry Park",39.29732,-76.581314,"Other/residential","2:00","a.m."
"18","6/25/2026","Auto theft","Outside",NA,"Male","44","Black or African American","Not Hispanic or Latino","5400 MOORES RUN DR","Northeast","Frankford",39.330461,-76.534625,"Street","7:10","a.m."
"19","7/18/2026","Auto theft","Outside",NA,"Female","45","Black or African American","Unknown","5200 SAYBROOK RD","Northeast","Cedonia",39.328832,-76.530026,"Street","10:00","p.m."
"20","7/19/2026","Auto theft","Inside",NA,"Female","51","Black or African American","Not Hispanic or Latino","4300 SHAMROCK AVE","Eastern","Belair-Edison",39.326736,-76.563098,"Other/residential","3:47","a.m."
"21","7/19/2026","Auto theft","Inside",NA,"Female","20","Black or African American","Not Hispanic or Latino","1000 BRISTOL PL","Southern","Brooklyn",39.231146,-76.597151,"Other/residential","12:00","a.m."
"22","7/19/2026","Auto theft","Outside",NA,"Male","51","Black or African American","Not Hispanic or Latino","600 N DECKER AVE","Southeast","Ellwood Park/Monument",39.298656,-76.574298,"Street","3:00","a.m."
"23","7/18/2026","Auto theft","Inside",NA,"Female","70","White","Unknown","5100 NORWOOD RD","Northern","Radnor-Winston",39.350985,-76.613148,"Other/residential","2:30","p.m."
"24","7/17/2026","Auto theft","Outside",NA,"Female","50","Black or African American","Not Hispanic or Latino","700 E 43RD ST","Northern","Pen Lucy",39.341881,-76.605547,"Street","8:25","a.m."
"25","7/17/2026","Auto theft","Outside",NA,"Female","56","Black or African American","Not Hispanic or Latino","1500 LESLIE ST","Western","Sandtown-Winchester",39.305919,-76.642691,"Street","6:34","a.m."
"26","7/18/2026","Auto theft","Outside",NA,"Female","40","Black or African American","Not Hispanic or Latino","5200 SAYBROOK RD","Northeast","Cedonia",39.328341,-76.530027,"Street","12:00","a.m."
"27","7/15/2026","Auto theft","Outside",NA,"Male","27","White","Not Hispanic or Latino","600 S CLINTON ST","Southeast","Canton",39.284905,-76.56967,"Street","10:09","a.m."
"28","7/18/2026","Auto theft","Outside",NA,"Female","43","Black or African American","Unknown","2700 MATHEWS ST","Northern","Better Waverly",39.321894,-76.607305,"Street","2:20","a.m."
"29","7/17/2026","Auto theft","Inside",NA,"Female","26","Black or African American","Unknown","600 E 43RD ST","Northern","Wilson Park",39.341958,-76.606808,"Other/residential","9:00","a.m."
"30","7/18/2026","Auto theft","Outside",NA,"Male","23","Black or African American","Unknown","800 LEADENHALL ST","Southern","Otterbein",39.279989,-76.616637,"Street","3:45","a.m."
"31","7/18/2026","Auto theft","Outside",NA,"Female","66","Black or African American","Unknown","800 LEADENHALL ST","Southern","Otterbein",39.279989,-76.616637,"Street","3:45","a.m."
"32","7/17/2026","Auto theft","Inside",NA,"Female","30","Black or African American","Not Hispanic or Latino","3500 SPRINGDALE AVE","Northwest","Forest Park",39.323942,-76.67718,"Other/residential","11:00","p.m."
"33","7/15/2026","Auto theft","Inside",NA,"Male","42","White","Not Hispanic or Latino","800 STOLL ST","Southern","Brooklyn",39.230966,-76.600194,"Other/residential","10:30","p.m."
"34","7/15/2026","Auto theft","Inside",NA,"Female","59","Black or African American","Unknown","1600 RAMPART MEWS","Southern","Locust Point",39.270654,-76.58875,"Other/residential","10:15","p.m."
"35","7/12/2026","Auto theft","Inside",NA,"Male","29","Black or African American","Not Hispanic or Latino","1500 W FRANKLIN ST","Western","Harlem Park",39.294149,-76.641915,"Other/residential","5:00","a.m."
"36","7/12/2026","Auto theft","Outside",NA,"Female","49","Black or African American","Unknown","3700 CHESHOLM RD","Northwest","Fairmount",39.309451,-76.682053,"Street","6:00","a.m."
"37","7/13/2026","Auto theft","Outside",NA,NA,"None reported","None reported",NA,"200 N SMALLWOOD ST","Southwest","Penrose/Fayette Street Outreach",39.290462,-76.651679,"Street","3:45","a.m."
"38","7/12/2026","Auto theft","Outside",NA,"Female","40","Black or African American","Unknown","3200 SHANNON DR","Eastern","Belair-Edison",39.324572,-76.565028,"Street","10:00","p.m."
"39","6/25/2026","Auto theft","Outside",NA,"Female","41","Black or African American","Not Hispanic or Latino","2900 DRUID PARK DR","Northern","Liberty Square",39.323495,-76.659865,"Shed/garage","10:00","p.m."
"40","7/19/2026","Auto theft","Outside",NA,"Female","26","Black or African American","Not Hispanic or Latino","3200 EVERGREEN AVE","Northeast","Hamilton",39.350724,-76.555804,"Street","7:00","p.m."
"41","7/20/2026","Auto theft","Outside",NA,"Female","28","Black or African American","Not Hispanic or Latino","300 ROBERT ST","Western","Madison Park",39.308382,-76.63242,"Street","2:40","a.m."
"42","6/23/2026","Auto theft","Outside",NA,"Male","76","White","Unknown","3400 TANEY RD","Northwest","Glen",39.359357,-76.689789,"Street","1:00","a.m."
"43","7/18/2026","Auto theft","Outside",NA,"Male","41","Black or African American","Not Hispanic or Latino","1800 N WARWICK AVE","Western","Coppin Heights/Ash-Co-East",39.308734,-76.656884,"Street","7:01","p.m."
"44","6/23/2026","Auto theft","Inside",NA,"Male","30","Black or African American","Unknown","3200 PRESSTMAN ST","Northwest","Rosemont",39.304566,-76.671051,"Other/residential","2:00","a.m."
"45","6/23/2026","Auto theft","Outside",NA,"Male","28","Black or African American","Not Hispanic or Latino","6000 YORKWOOD RD","Northeast","Loch Raven",39.364243,-76.583129,"Street","3:00","a.m."
"46","6/26/2026","Auto theft","Outside",NA,NA,"None reported","None reported",NA,"800 ORLEANS ST","Central","Penn-Fallsway",39.294494,-76.605729,"Car lot-new/used","2:45","a.m."
"47","7/18/2026","Auto theft","Inside",NA,"Female","33","Black or African American","Unknown","1600 BROENING HWY","Southeast","Broening Manor",39.273661,-76.543142,"Other/residential","4:30","a.m."
"48","7/18/2026","Auto theft","Outside",NA,"Female","63","White","Not Hispanic or Latino","3200 BELAIR RD","Eastern","Clifton Park",39.320776,-76.574772,"Street","12:03","p.m."
"49","6/24/2026","Auto theft","Outside",NA,"Male","42","Black or African American","Not Hispanic or Latino","1700 PRESBURY ST","Western","Sandtown-Winchester",39.308108,-76.645027,"Street","7:05","p.m."
"50","7/18/2026","Auto theft","Outside",NA,"Female","27","Black or African American","Not Hispanic or Latino","600 BRADDISH AVE","Western","Mosher",39.296113,-76.659672,"Street","3:00","p.m."
"51","7/18/2026","Auto theft","Inside",NA,"Male","66","Black or African American","Unknown","2500 GREENMOUNT AVE","Northern","Harwood",39.318302,-76.609685,"Convenience store","6:50","p.m."
"52","7/20/2026","Auto theft","Inside",NA,"Female","50","None reported","Unknown","800 EXETER HALL AVE","Northern","Better Waverly",39.322781,-76.606185,"Other/residential","5:00","p.m."
"53","6/25/2026","Auto theft","Outside",NA,"Male","40","White","Hispanic or Latino","500 TOLNA ST","Southeast","Greektown",39.286674,-76.551104,"Street","12:00","a.m."
"54","6/24/2026","Auto theft","Outside",NA,"Female","41","Black or African American","Unknown","1300 S CAREY ST","Southern","Washington Village/Pigtown",39.279784,-76.633882,"Street","10:30","p.m."
"55","6/25/2026","Auto theft","Outside",NA,"Male","28","White","Not Hispanic or Latino","5000 DENVIEW WAY","Northeast","Frankford",39.324314,-76.534709,"Shed/garage","3:00","a.m."
"56","7/16/2026","Auto theft","Outside",NA,"Male","41","Black or African American","Unknown","100 N SCHROEDER ST","Southwest","Poppleton",39.29017,-76.633643,"Street","2:30","p.m."
"57","7/16/2026","Auto theft","Outside",NA,"Male","39","Black or African American","Not Hispanic or Latino","2600 MARBOURNE AVE","Southern","Lakeland",39.252648,-76.645275,"Street","7:30","a.m."
"58","7/17/2026","Auto theft","Outside",NA,"Male","22","None reported","Unknown","3600 CLARENELL RD","Southern","Violetville",39.266605,-76.676019,"Street","1:00","a.m."
"59","7/16/2026","Auto theft","Outside",NA,"Female","30","Black or African American","Unknown","1700 ENSOR ST","Eastern","Greenmount Cemetery",39.309288,-76.604027,"Street","8:00","p.m."
"60","7/17/2026","Auto theft","Outside",NA,"Male","29","White","Not Hispanic or Latino","1000 W 41ST ST","Northern","Hampden",39.337381,-76.635158,"Street","1:00","a.m."
"61","6/28/2026","Auto theft","Inside",NA,"Female","72","Black or African American","Unknown","4700 WAKEFIELD RD","Northwest","West Forest Park",39.320221,-76.696422,"Other/residential","2:00","p.m."
"62","6/28/2026","Auto theft","Inside",NA,"Male","52","Black or African American","Unknown","4700 WAKEFIELD RD","Northwest","West Forest Park",39.320221,-76.696422,"Other/residential","2:00","p.m."
"63","6/28/2026","Auto theft","Outside",NA,"Female","24","White","Unknown","1800 BYRD ST","Southern","Riverside",39.269506,-76.610662,"Street","4:00","p.m."
"64","6/29/2026","Auto theft","Outside",NA,"Male","24","Black or African American","Not Hispanic or Latino","300 W BALTIMORE ST","Central","Downtown",39.289497,-76.619648,"Shed/garage","2:30","a.m."
"65","7/15/2026","Auto theft","Inside","Personal weapons","Female","33","Black or African American","Not Hispanic or Latino","2700 N ROSEDALE ST","Northwest","Hanlon-Longwood",39.317429,-76.669431,"Other/residential","5:00","a.m."
"66","7/15/2026","Auto theft","Outside",NA,"Male","63","Black or African American","Unknown","2900 SAINT PAUL ST","Northern","Charles Village",39.32345,-76.616006,"Street","11:50","a.m."
"67","7/18/2026","Auto theft","Outside",NA,"Male","31","White","Not Hispanic or Latino","3200 ELLIOTT ST","Southeast","Canton",39.279513,-76.570912,"Street","5:20","a.m."
"68","7/18/2026","Auto theft","Outside",NA,"Female","24","Black or African American","Not Hispanic or Latino","2400 BRIDGEHAMPTON DR","Northeast","Hamilton Hills",39.370982,-76.565103,"Shed/garage","10:00","p.m."
"69","6/27/2026","Auto theft","Inside",NA,"Male","43","White","Not Hispanic or Latino","900 CHESTNUT HILL AVE","Northeast","Ednor Gardens-Lakeside",39.3342,-76.60368,"Other/residential","2:00","p.m."
"70","7/8/2026","Auto theft","Outside",NA,"Male","76","Black or African American","Not Hispanic or Latino","2300 EUTAW PL","Western","Reservoir Hill",39.312802,-76.636627,"Street","2:00","a.m."
"71","7/20/2026","Auto theft","Inside",NA,"Male","18","Black or African American","Not Hispanic or Latino","2400 ORLEANS ST","Southeast","Patterson Place",39.295444,-76.582979,"Other/residential","4:01","a.m."
"72","7/20/2026","Auto theft","Outside",NA,"Male","43","None reported","Hispanic or Latino","300 WHITRIDGE AVE","Northern","Harwood",39.32131,-76.612242,"Street","7:59","a.m."
"73","7/8/2026","Auto theft","Inside",NA,"Female","51","White","Not Hispanic or Latino","2800 GEORGETOWN RD","Southern","Morrell Park",39.264234,-76.661129,"Other/residential","1:00","a.m."
"74","7/7/2026","Auto theft","Outside",NA,"Male","65","White","Unknown","900 CATHEDRAL ST","Central","Mid-Town Belvedere",39.299789,-76.617426,"Shed/garage","2:30","p.m."
"75","7/8/2026","Auto theft","Inside",NA,"Female","34","Black or African American","Not Hispanic or Latino","1100 BOLTON ST","Western","Madison Park",39.303573,-76.623619,"Other/residential","2:15","a.m."
"76","7/7/2026","Auto theft","Inside",NA,"Male","36","Black or African American","Unknown","400 E 20TH ST","Eastern","Barclay",39.312612,-76.610578,"Other/residential","2:00","p.m."
"77","7/17/2026","Auto theft","Inside",NA,"Male","27","Black or African American","Not Hispanic or Latino","3100 BAKER ST","Northwest","Rosemont",39.305957,-76.670161,"Other/residential","3:00","a.m."
"78","7/16/2026","Auto theft","Inside",NA,"Male","21","Black or African American","Not Hispanic or Latino","3800 PARK HEIGHTS AVE","Northern","Park Circle",39.332251,-76.661411,"Other/residential","6:25","a.m."
"79","7/16/2026","Auto theft","Inside",NA,"Male","77","White","Not Hispanic or Latino","400 E LAKE AVE","Northern","Cedarcroft",39.367654,-76.612527,"Other/residential","10:00","p.m."
"80","7/10/2026","Auto theft","Outside",NA,"Male","37","Black or African American","Not Hispanic or Latino","1200 N KENWOOD AVE","Southeast","Berea",39.304957,-76.578512,"Street","1:00","a.m."
"81","7/11/2026","Auto theft","Inside",NA,"Male","18","Black or African American","Not Hispanic or Latino","5800 OAKVIEW AVE","Northeast","Loch Raven",39.358737,-76.579299,"Other/residential","11:00","p.m."
"82","7/12/2026","Auto theft","Inside",NA,"Female","66","Black or African American","Not Hispanic or Latino","3900 GRANTLEY RD","Northwest","East Arlington",39.333312,-76.670736,"Other/residential","12:35","a.m."
"83","7/19/2026","Auto theft","Outside",NA,"Female","22","White","Hispanic or Latino","100 S WASHINGTON ST","Southeast","Upper Fells Point",39.290099,-76.589239,"Street","1:30","a.m."
"84","7/17/2026","Auto theft","Inside",NA,"Male","35","Black or African American","Unknown","2300 RIGGS AVE","Western","Bridgeview/Greenlawn",39.300484,-76.654589,"Other/residential","6:30","a.m."
"85","7/17/2026","Auto theft","Inside",NA,"Female","22","White","Not Hispanic or Latino","4500 BIRCHWOOD DR","Southwest","Uplands",39.290594,-76.69111,"Other/residential","4:00","a.m."
"86","7/20/2026","Auto theft","Inside",NA,"Male","44","Black or African American","Not Hispanic or Latino","1700 GWYNNS FALLS PKWY","Western","Auchentoroly-Parkwood",39.316772,-76.649975,"Other/residential","8:00","p.m."
"87","7/14/2026","Auto theft","Inside",NA,"Female","32","Unknown","Hispanic or Latino","3000 ASCENSION ST","Southern","Cherry Hill",39.249033,-76.618407,"Unknown","9:30","a.m."
"88","7/14/2026","Auto theft","Outside",NA,"Male","36","Black or African American","Not Hispanic or Latino","2900 SILVER HILL AVE","Northwest","Howard Park",39.32892,-76.710767,"Street","5:44","a.m."
"89","7/17/2026","Auto theft","Inside",NA,"Female","27","Black or African American","Unknown","5700 BELAIR RD","Northeast","Frankford",39.342694,-76.54466,"Tavern/night club","2:30","a.m."
"90","7/14/2026","Auto theft","Outside",NA,"Female","43","Black or African American","Not Hispanic or Latino","2200 MADISON AVE","Western","Reservoir Hill",39.311334,-76.636855,"Street","4:00","p.m."
"91","7/14/2026","Auto theft","Inside",NA,"Male","51","Unknown","Hispanic or Latino","400 N LAKEWOOD AVE","Southeast","Mcelderry Park",39.296345,-76.579496,"Other/residential","3:00","p.m."
"92","7/16/2026","Auto theft","Outside",NA,"Male","20","Black or African American","Not Hispanic or Latino","4200 FAIRFAX RD","Northwest","Windsor Hills",39.320143,-76.688026,"Street","5:20","a.m."
"93","7/16/2026","Auto theft","Inside",NA,"Male","38","White","Unknown","1300 LOWMAN ST","Southern","Locust Point",39.27122,-76.594654,"Other/residential","11:22","a.m."
"94","7/14/2026","Auto theft","Outside",NA,"Male","31","Black or African American","Not Hispanic or Latino","3300 W FOREST PARK AVE","Northwest","Forest Park",39.323677,-76.67272,"Street","11:30","a.m."
"95","7/16/2026","Auto theft","Outside",NA,"Female","62","Black or African American","Not Hispanic or Latino","3600 PLATEAU AVE","Northwest","Howard Park",39.333732,-76.699009,"Street","2:00","p.m."
"96","7/16/2026","Auto theft","Outside",NA,NA,"None reported","None reported",NA,"5700 REISTERSTOWN RD","Northwest","Reisterstown Station",39.349672,-76.693714,"Car lot-new/used","8:00","p.m."
"97","7/11/2026","Auto theft","Inside",NA,"Male","40","White","Hispanic or Latino","6500 CLEVELAND AVE","Southeast","Saint Helena",39.261714,-76.531638,"Other/residential","2:00","a.m."
"98","7/10/2026","Auto theft","Outside",NA,"Male","35","Unknown","Hispanic or Latino","3500 E FAIRMOUNT AVE","Southeast","Baltimore Highlands",39.293831,-76.56857,"Street","11:00","p.m."
"99","7/10/2026","Auto theft","Outside",NA,"Male","29","None reported","Unknown","2700 SAINT PAUL ST","Northern","Charles Village",39.321175,-76.615336,"Street","9:00","p.m."
"100","7/10/2026","Auto theft","Outside",NA,"Male","33","White","Unknown","1800 E LOMBARD ST","Central","Upper Fells Point",39.290331,-76.59154,"Street","10:30","p.m."
"101","7/10/2026","Auto theft","Outside",NA,"Male","54","Black or African American","Unknown","2300 OCALA AVE","Northern","Liberty Square",39.320178,-76.655339,"Street","11:30","p.m."
"102","7/10/2026","Auto theft","Outside",NA,"Male","72","White","Unknown","200 S COLLINGTON AVE","Central","Upper Fells Point",39.288288,-76.586178,"Street","5:30","p.m."
"103","6/25/2026","Auto theft","Outside",NA,"Female","37","None reported","Unknown","2900 VIOLET AVE","Northern","Park Circle",39.329456,-76.663095,"Street","7:00","p.m."
"104","7/9/2026","Auto theft","Inside",NA,"Female","49","Black or African American","Unknown","3700 W MULBERRY ST","Southwest","Allendale",39.291571,-76.67888,"Other/residential","4:00","a.m."
"105","6/26/2026","Auto theft","Outside",NA,"Male","20","Black or African American","Not Hispanic or Latino","1600 E COLD SPRING LN","Northeast","Hillen",39.345635,-76.587329,"Street","12:00","a.m."
"106","6/25/2026","Auto theft","Inside",NA,"Male","35","None reported","Unknown","1100 BAYARD ST","Southern","Washington Village/Pigtown",39.280348,-76.637475,"Other/residential","6:00","a.m."
"107","7/16/2026","Auto theft","Inside",NA,"Male","36","Black or African American","Not Hispanic or Latino","1000 N BENTALOU ST","Western","Bridgeview/Greenlawn",39.300343,-76.653744,"Other/residential","12:35","p.m."
"108","7/16/2026","Auto theft","Outside",NA,"Male","28","Black or African American","Unknown","5000 DENMORE AVE","Northern","Central Park Heights",39.346955,-76.675617,"Shed/garage","11:00","a.m."
"109","7/20/2026","Auto theft","Outside",NA,"Female","62","Black or African American","Unknown","2000 BREITWERT AVE","Southern","Morrell Park",39.266963,-76.647832,"Street","10:00","p.m."
"110","7/13/2026","Auto theft","Outside",NA,"Male","76","Black or African American","Not Hispanic or Latino","3800 WABASH AVE","Northwest","East Arlington",39.328331,-76.665016,"Street","3:00","p.m."
"111","7/14/2026","Auto theft","Inside",NA,"Male","37","White","Not Hispanic or Latino","400 W 28TH ST","Northern","Remington",39.320342,-76.623681,"Other/residential","4:00","p.m."
"112","7/14/2026","Auto theft","Outside",NA,"Male","25","Black or African American","Not Hispanic or Latino","2400 N CHARLES ST","Eastern","Old Goucher",39.316765,-76.61649,"Street","5:00","p.m."
"113","7/13/2026","Auto theft","Outside",NA,"Male","21","Black or African American","Not Hispanic or Latino","6000 AMBERWOOD RD","Northeast","Frankford",39.317208,-76.542918,"Street","1:00","a.m."
"114","7/15/2026","Auto theft","Inside",NA,"Male","47","Black or African American","Not Hispanic or Latino","5300 NORWOOD AVE","Northwest","Howard Park",39.32838,-76.705547,"Other/residential","1:00","a.m."
"115","7/12/2026","Auto theft","Inside",NA,"Male","24","White","Not Hispanic or Latino","3000 SEABURY RD","Southern","Cherry Hill",39.249445,-76.621187,"Other/residential","11:30","p.m."
"116","7/13/2026","Auto theft","Outside",NA,"Male","38","Black or African American","Unknown","2 N SMALLWOOD ST","Southwest","Penrose/Fayette Street Outreach",39.288478,-76.651666,"Street","2:00","a.m."
"117","7/14/2026","Auto theft","Inside",NA,"Male","34","Black or African American","Not Hispanic or Latino","4000 ELMORA AVE","Eastern","Belair-Edison",39.318306,-76.558226,"Other/residential","12:00","p.m."
"118","6/26/2026","Auto theft","Outside",NA,"Female","43","White","Unknown","1100 S HOWARD ST","Southern","Stadium/Entertainment Area",39.277681,-76.620285,"Shed/garage","8:46","p.m."
"119","7/20/2026","Auto theft","Outside",NA,"Male","44","Black or African American","Not Hispanic or Latino","4800 BELAIR RD","Northeast","Frankford",39.33361,-76.557791,"Street","4:00","a.m."
"120","7/17/2026","Auto theft","Outside",NA,"Male","29","White","Unknown","2900 FALLSTAFF RD","Northwest","Cheswolde",39.371909,-76.685538,"Street","10:00","p.m."
"121","6/24/2026","Auto theft","Outside",NA,"Male","64","White","Hispanic or Latino","100 ROCHESTER PL","Southeast","Patterson Park Neighborhood",39.290529,-76.573768,"Street","8:00","p.m."
"122","6/25/2026","Auto theft","Outside",NA,"Female","26","Black or African American","Not Hispanic or Latino","100 E REDWOOD ST","Central","Downtown",39.288983,-76.613308,"Street","2:37","a.m."
"123","6/26/2026","Auto theft","Inside",NA,NA,"None reported","None reported",NA,"400 DOLPHIN ST","Western","Upton",39.302228,-76.626028,"Day care","9:00","p.m."
"124","6/26/2026","Auto theft","Outside",NA,"Female","68","White","Unknown","200 GRUNDY ST","Southeast","Highlandtown",39.290085,-76.563771,"Street","8:00","p.m."
"125","7/19/2026","Auto theft","Outside",NA,"Female","38","Black or African American","Unknown","2600 LOYOLA SOUTHWAY","Northern","Greenspring",39.33669,-76.662276,"Street","9:00","p.m."
"126","7/19/2026","Auto theft","Outside",NA,"Male","28","White","Unknown","4400 EASTWAY","Northern","Guilford",39.343735,-76.611876,"Street","7:00","p.m."
"127","6/24/2026","Auto theft","Outside",NA,"Male","49","Black or African American","Not Hispanic or Latino","3500 BOSTON ST","Southeast","Canton Industrial Area",39.274838,-76.56655,"Shed/garage","3:19","p.m."
"128","7/16/2026","Auto theft","Outside",NA,"Male","48","Black or African American","Not Hispanic or Latino","4500 SHAMROCK AVE","Northeast","Parkside",39.323579,-76.558694,"Street","2:01","p.m."
"129","7/16/2026","Auto theft","Outside",NA,"Female","45","Black or African American","Not Hispanic or Latino","2500 PICKWICK RD","Northwest","Dickeyville",39.318776,-76.705885,"Street","1:03","p.m."
"130","7/14/2026","Auto theft","Outside",NA,"Female","27","Black or African American","Not Hispanic or Latino","4700 FREDERICK AVE","Southwest","Tremont",39.281697,-76.693183,"Street","3:31","p.m."
"131","7/14/2026","Auto theft","Outside",NA,"Female","28","White","Hispanic or Latino","1800 WESTWOOD AVE","Western","Sandtown-Winchester",39.308895,-76.646513,"Street","3:00","p.m."
"132","7/15/2026","Auto theft","Outside",NA,"Female","43","Black or African American","Not Hispanic or Latino","3000 W LANVALE ST","Western","Franklintown Road",39.296915,-76.667072,"Street","2:00","a.m."
"133","7/14/2026","Auto theft","Inside",NA,"Male","24","None reported","Hispanic or Latino","500 UMBRA ST","Southeast","Greektown",39.286385,-76.550109,"Other/residential","11:00","p.m."
"134","7/15/2026","Auto theft","Inside",NA,"Female","49","Black or African American","Unknown","3000 MILFORD AVE","Northwest","Howard Park",39.324911,-76.701021,"Other/residential","10:50","a.m."
"135","7/15/2026","Auto theft","Outside",NA,"Male","47","Black or African American","Not Hispanic or Latino","2000 E MONUMENT ST","Southeast","Middle East",39.298766,-76.588325,"Street","2:05","p.m."
"136","7/14/2026","Auto theft","Outside",NA,"Female","49","Black or African American","Unknown","1000 HOLLINS ST","Southwest","Hollins Market",39.287552,-76.635034,"Street","8:00","p.m."
"137","7/11/2026","Auto theft","Outside",NA,"Female","45","None reported","Unknown","3100 SWANN DR","Northern","Druid Hill Park",39.318556,-76.645776,"Street","1:00","p.m."
"138","7/11/2026","Auto theft","Outside",NA,"Female","74","Black or African American","Unknown","2 N SMALLWOOD ST","Southwest","Penrose/Fayette Street Outreach",39.288478,-76.651666,"Street","8:00","p.m."
"139","7/12/2026","Auto theft","Outside",NA,"Female","31","Black or African American","Not Hispanic or Latino","700 CLIFFORD ST","Southern","Washington Village/Pigtown",39.283475,-76.627795,"Shed/garage","12:00","a.m."
"140","7/11/2026","Auto theft","Outside",NA,"Female","35","Black or African American","Not Hispanic or Latino","5300 WESLEY AVE","Northwest","Howard Park",39.332506,-76.706194,"Street","5:00","a.m."
"141","7/12/2026","Auto theft","Inside",NA,"Male","33","Black or African American","Not Hispanic or Latino","900 N WARWICK AVE","Western","Bridgeview/Greenlawn",39.299107,-76.656354,"Other/residential","3:33","a.m."
"142","7/11/2026","Auto theft","Inside",NA,"Male","63","Black or African American","Unknown","5300 HERRING RUN DR","Northeast","Hamilton Hills",39.354061,-76.572119,"Other/residential","9:00","p.m."
"143","7/11/2026","Auto theft","Outside",NA,"Male","30","White","Unknown","1100 CARROLL ST","Southern","Washington Village/Pigtown",39.281904,-76.631962,"Street","11:00","p.m."
"144","7/12/2026","Auto theft","Inside",NA,"Male","50","Black or African American","Not Hispanic or Latino","1100 E NORTHERN PKWY","Northeast","Glen Oaks",39.367123,-76.594792,"Other/residential","2:30","a.m."
"145","7/17/2026","Auto theft","Outside",NA,"Male","49","White","Not Hispanic or Latino","4500 BOWLEYS LN","Northeast","Parkside",39.325059,-76.557037,"Shed/garage","4:00","p.m."
"146","7/4/2026","Auto theft","Outside",NA,"Female","34","White","Not Hispanic or Latino","2300 FOSTER AVE","Southeast","Canton",39.283962,-76.583935,"Street","4:00","p.m."
"147","7/17/2026","Auto theft","Inside",NA,"Male","29","Black or African American","Not Hispanic or Latino","1500 CARSWELL ST","Eastern","Coldstream Homestead Montebello",39.323182,-76.596105,"Other/residential","5:00","a.m."
"148","7/12/2026","Auto theft","Outside",NA,"Male","60","Black or African American","Not Hispanic or Latino","3900 FERNDALE AVE","Northwest","Howard Park",39.338558,-76.696927,"Street","9:00","a.m."
"149","7/12/2026","Auto theft","Inside",NA,"Male","30","None reported","Hispanic or Latino","200 N LUZERNE AVE","Southeast","Mcelderry Park",39.295407,-76.580849,"Other/residential","10:08","a.m."
"150","7/12/2026","Auto theft","Outside",NA,"Female","27","Black or African American","Not Hispanic or Latino","100 S STRICKER ST","Southwest","Union Square",39.286114,-76.641019,"Street","5:00","a.m."
"151","7/12/2026","Auto theft","Outside",NA,"Female","71","Black or African American","Not Hispanic or Latino","40 MARYLAND ZOO PL","Northern","Druid Hill Park",39.322595,-76.649425,"Shed/garage","4:00","p.m."
"152","7/15/2026","Auto theft","Outside",NA,"Female","39","Black or African American","Not Hispanic or Latino","2400 MARBOURNE AVE","Southern","Lakeland",39.254128,-76.652028,"Shed/garage","12:00","a.m."
"153","7/12/2026","Auto theft","Outside",NA,NA,"None reported","None reported",NA,"1700 GOUGH ST","Central","Fells Point",39.287682,-76.593439,"Street","3:00","p.m."
"154","7/12/2026","Auto theft","Outside",NA,"Male","18","White","Unknown","4 N LAKEWOOD AVE","Southeast","Patterson Park Neighborhood",39.292508,-76.579238,"Street","8:00","a.m."
"155","7/19/2026","Auto theft","Inside",NA,"Male","22","None reported","Hispanic or Latino","4500 PARKMONT AVE","Northeast","Cedmont",39.346718,-76.532702,"Other/residential","6:45","a.m."
"156","7/3/2026","Auto theft","Outside",NA,"Male","53","Black or African American","Unknown","1300 N HILTON ST","Northwest","Rosemont",39.301476,-76.671933,"Street","3:00","a.m."
"157","7/15/2026","Auto theft","Outside",NA,"Male","57","None reported","Unknown","1200 W LAFAYETTE AVE","Western","Sandtown-Winchester",39.299332,-76.637697,"Street","12:00","a.m."
"158","7/15/2026","Auto theft","Inside",NA,"Male","34","Black or African American","Unknown","2200 EUTAW PL","Western","Reservoir Hill",39.311633,-76.634808,"Other/residential","2:00","a.m."
"159","7/11/2026","Auto theft","Outside",NA,"Female","35","Black or African American","Unknown","1100 SARGEANT ST","Southern","Washington Village/Pigtown",39.282951,-76.633243,"Street","11:00","p.m."
"160","7/2/2026","Auto theft","Outside",NA,"Male","53","White","Not Hispanic or Latino","2600 BOSTON ST","Southeast","Canton",39.280724,-76.580374,"Street","4:00","p.m."
"161","7/5/2026","Auto theft","Inside",NA,"Male","69","Black or African American","Not Hispanic or Latino","4200 OAKFORD AVE","Northwest","Howard Park",39.335382,-76.691091,"Other/residential","9:00","p.m."
"162","7/2/2026","Auto theft","Outside",NA,"Male","40","Black or African American","Not Hispanic or Latino",NA,"Central","Downtown",39.290485,-76.610247,"Street","5:30","a.m."
"163","7/16/2026","Auto theft","Outside",NA,"Male","51","None reported","Unknown","100 W MONUMENT ST","Central","Mount Vernon",39.297605,-76.617594,"Street","12:25","a.m."
"164","7/15/2026","Auto theft","Outside",NA,"Male","24","Black or African American","Not Hispanic or Latino","3600 CLARENELL RD","Southern","Violetville",39.266123,-76.676595,"Street","10:30","p.m."
"165","7/3/2026","Auto theft","Inside",NA,"Male","67","White","Unknown","1100 ANGLESEA ST","Southeast","Medford",39.280468,-76.54543,"Other/residential","1:30","a.m."
"166","7/3/2026","Auto theft","Outside",NA,"Female","82","Black or African American","Not Hispanic or Latino","5100 NORTHWOOD DR","Northeast","New Northwood",39.350089,-76.596742,"Street","12:30","a.m."
"167","7/2/2026","Auto theft","Outside",NA,"Female","58","Black or African American","Not Hispanic or Latino","4600 NORTHWOOD DR","Northeast","New Northwood",39.347691,-76.596129,"Street","10:30","p.m."
"168","7/4/2026","Auto theft","Outside",NA,"Female","25","White","Not Hispanic or Latino","1900 SOMERWORTH ST","Southern","Morrell Park",39.26855,-76.649469,"Street","3:00","p.m."
"169","7/1/2026","Auto theft","Outside",NA,"Male","17","None reported","Hispanic or Latino","2700 KENNEDY AVE","Eastern","Coldstream Homestead Montebello",39.323068,-76.594579,"Street","7:00","p.m."
"170","6/29/2026","Auto theft","Inside",NA,"Female","61","White","Not Hispanic or Latino","4300 ELDONE RD","Southwest","Yale Heights",39.276175,-76.687711,"Other/residential","11:30","p.m."
"171","6/29/2026","Auto theft","Outside",NA,"Male","60","White","Not Hispanic or Latino","1200 WILLIAM ST","Southern","Riverside",39.27435,-76.610137,"Street","6:00","p.m."
"172","6/29/2026","Auto theft","Outside",NA,"Female","50","Black or African American","Unknown","500 ALLENDALE ST","Southwest","Allendale",39.293,-76.678552,"Street","7:15","p.m."
"173","6/30/2026","Auto theft","Outside",NA,"Female","56","Black or African American","Not Hispanic or Latino","4300 ELDONE RD","Southwest","Yale Heights",39.276506,-76.688261,"Street","3:10","a.m."
"174","6/30/2026","Auto theft","Outside",NA,"Male","61","Black or African American","Not Hispanic or Latino","4200 WALRAD ST","Southwest","Irvington",39.280015,-76.684612,"Street","2:30","a.m."
"175","6/29/2026","Auto theft","Inside",NA,"Male","31","Black or African American","Not Hispanic or Latino","6500 EBERLE DR","Northwest","Reisterstown Station",39.353741,-76.706472,"Other/residential","7:30","p.m."
"176","6/29/2026","Auto theft","Inside",NA,"Female","35","Black or African American","Not Hispanic or Latino","500 YALE AVE","Southwest","Yale Heights",39.277132,-76.688176,"Other/residential","11:00","p.m."
"177","6/29/2026","Auto theft","Outside",NA,"Female","31","None reported","Unknown","700 MCCABE AVE","Northern","Winston-Govans",39.352224,-76.606806,"Street","6:52","p.m."
"178","7/2/2026","Auto theft","Outside",NA,"Female","66","None reported","Unknown","5400 WILLOWMERE WAY","Northern","Homeland",39.355659,-76.611293,"Street","1:30","a.m."
"179","6/29/2026","Auto theft","Outside",NA,"Male","32","Black or African American","Not Hispanic or Latino","5500 LOTHIAN RD","Northeast","Mid-Govans",39.356568,-76.60234,"Street","10:00","p.m."
"180","6/30/2026","Auto theft","Outside",NA,"Male","28","Black or African American","Not Hispanic or Latino","1400 MONTPELIER ST","Eastern","Coldstream Homestead Montebello",39.322215,-76.599457,"Street","12:00","a.m."
"181","6/29/2026","Auto theft","Outside",NA,"Male","58","Black or African American","Not Hispanic or Latino","6100 ERDMAN AVE","Southeast","Pulaski Industrial Area",39.301181,-76.544648,"Shed/garage","9:00","p.m."
"182","7/7/2026","Auto theft","Outside",NA,"Male","31","Black or African American","Unknown","300 E BELVEDERE AVE","Northern","Rosebank",39.364465,-76.614833,"Street","10:00","a.m."
"183","7/9/2026","Auto theft","Outside",NA,"Male","41","White","Unknown","5100 REISTERSTOWN RD","Northwest","Woodmere",39.342031,-76.68254,"Vacant lot/woods","6:11","a.m."
"184","7/9/2026","Auto theft","Inside",NA,"Female","25","Black or African American","Not Hispanic or Latino","300 GWYNN AVE","Southwest","Allendale",39.29066,-76.673479,"Other/residential","11:26","a.m."
"185","7/9/2026","Auto theft","Outside",NA,"Male","30","None reported","Hispanic or Latino","2500 W PATAPSCO AVE","Southern","Lakeland",39.252584,-76.650976,"Shed/garage","11:00","p.m."
"186","7/9/2026","Auto theft","Outside",NA,"Male","59","Black or African American","Not Hispanic or Latino","1100 N FREMONT AVE","Western","Sandtown-Winchester",39.302378,-76.63649,"Street","12:00","p.m."
"187","7/9/2026","Auto theft","Inside",NA,"Female","28","White","Not Hispanic or Latino","800 S BROADWAY","Central","Fells Point",39.282221,-76.592747,"Other/residential","8:30","p.m."
"188","6/28/2026","Auto theft","Outside",NA,"Male","39","White","Not Hispanic or Latino","3200 BEVERLY RD","Northeast","Beverly Hills",39.338709,-76.568184,"Shed/garage","7:04","a.m."
"189","6/28/2026","Auto theft","Outside",NA,"Male","45","Black or African American","Unknown","4900 LANIER AVE","Northern","Cylburn",39.349031,-76.661979,"Street","2:25","p.m."
"190","7/9/2026","Auto theft","Inside",NA,"Female","None reported","Black or African American","Not Hispanic or Latino","200 ROBERT ST","Western","Bolton Hill",39.309653,-76.630709,"Other/residential","3:00","p.m."
"191","7/8/2026","Auto theft","Outside",NA,"Male","62","Black or African American","Not Hispanic or Latino","900 N MOUNT ST","Western","Sandtown-Winchester",39.299012,-76.644439,"Street","8:30","p.m."
"192","7/9/2026","Auto theft","Outside",NA,"Male","46","Black or African American","Not Hispanic or Latino","2100 BOLTON ST","Western","Reservoir Hill",39.312405,-76.62976,"Street","12:30","a.m."
"193","7/8/2026","Auto theft","Outside",NA,"Female","23","Black or African American","Not Hispanic or Latino","600 N BENTALOU ST","Western","Midtown-Edmondson",39.29591,-76.653151,"Street","8:00","p.m."
"194","7/9/2026","Auto theft","Inside",NA,"Male","44","Black or African American","Not Hispanic or Latino","2100 N CALVERT ST","Eastern","Barclay",39.314222,-76.614173,"Other/residential","12:30","a.m."
"195","7/9/2026","Auto theft","Inside",NA,"Male","32","White","Hispanic or Latino","200 N HILTON ST","Southwest","Saint Josephs",39.288892,-76.672712,"Other/residential","12:00","a.m."
"196","7/5/2026","Auto theft","Inside",NA,"Female","65","Black or African American","Not Hispanic or Latino","30 S POTOMAC ST","Southeast","Patterson Park Neighborhood",39.291233,-76.574502,"Other/residential","10:00","p.m."
"197","7/5/2026","Auto theft","Inside",NA,"Male","68","White","Not Hispanic or Latino","300 S PULASKI ST","Southwest","Carrollton Ridge",39.283284,-76.649581,"Other/residential","9:00","p.m."
"198","7/2/2026","Auto theft","Inside",NA,"Male","65","Black or African American","Not Hispanic or Latino","5800 REISTERSTOWN RD","Northwest","Reisterstown Station",39.350619,-76.695057,"Hotel/motel","10:00","p.m."
"199","7/3/2026","Auto theft","Inside",NA,"Female","40","None reported","Hispanic or Latino","2500 MARBOURNE AVE","Southern","Lakeland",39.253824,-76.648535,"Other/residential","12:00","a.m."
"200","7/1/2026","Auto theft","Outside",NA,"Male","70","Unknown","Hispanic or Latino","2 N CURLEY ST","Southeast","Patterson Park Neighborhood",39.292592,-76.575619,"Street","8:24","p.m."
"201","7/3/2026","Auto theft","Outside",NA,"Male","48","Black or African American","Unknown","3200 MILFORD AVE","Northwest","Howard Park",39.327942,-76.701004,"Street","1:00","a.m."
"202","7/2/2026","Auto theft","Outside",NA,"Female","39","White","Unknown","5900 BLAND AVE","Northwest","Glen",39.359832,-76.682525,"Street","4:05","a.m."
"203","7/2/2026","Auto theft","Outside",NA,NA,"None reported","None reported",NA,"400 S WASHINGTON ST","Central","Upper Fells Point",39.286672,-76.58903,"Street","10:30","a.m."
"204","6/29/2026","Auto theft","Inside",NA,"Male","26","Black or African American","Not Hispanic or Latino","2000 N FOREST PARK AVE","Northwest","Franklintown",39.309338,-76.708484,"Convenience store","9:00","a.m."
"205","6/29/2026","Auto theft","Outside",NA,"Female","43","Black or African American","Not Hispanic or Latino","4000 W BELVEDERE AVE","Northwest","Langston Hughes",39.343278,-76.682926,"Shed/garage","4:00","a.m."
"206","6/29/2026","Auto theft","Outside",NA,"Female","37","White","Unknown","3100 GRINDON AVE","Northeast","Beverly Hills",39.339896,-76.568265,"Street","5:00","a.m."
"207","6/30/2026","Auto theft","Outside",NA,"Female","44","Black or African American","Not Hispanic or Latino","10 S AUGUSTA AVE","Southwest","Irvington",39.285776,-76.685145,"Street","3:00","a.m."
"208","7/7/2026","Auto theft","Outside",NA,"Male","64","White","Not Hispanic or Latino","500 NICOLL AVE","Northeast","Evesham Park",39.365996,-76.609008,"Street","2:00","a.m."
"209","6/29/2026","Auto theft","Outside",NA,"Male","84","Black or African American","Unknown","900 N MOUNT ST","Western","Sandtown-Winchester",39.299012,-76.644439,"Street","8:00","p.m."
"210","6/30/2026","Auto theft","Inside",NA,"Female","24","Black or African American","Not Hispanic or Latino","6600 EBERLE DR","Northwest","Reisterstown Station",39.354179,-76.70943,"Other/residential","2:00","a.m."
"211","6/30/2026","Auto theft","Inside",NA,"Male","24","Black or African American","Not Hispanic or Latino","1700 W BALTIMORE ST","Southwest","Franklin Square",39.288406,-76.644441,"Other/residential","1:00","a.m."
"212","6/29/2026","Auto theft","Outside",NA,NA,"None reported","None reported",NA,"4000 PARK HEIGHTS AVE","Northern","Central Park Heights",39.334488,-76.663073,"Street","8:30","a.m."
"213","6/29/2026","Auto theft","Inside",NA,"Male","None reported","White","Not Hispanic or Latino","2000 N FOREST PARK AVE","Northwest","Franklintown",39.309338,-76.708484,"Convenience store","9:00","a.m."
"214","6/29/2026","Auto theft","Inside",NA,"Male","34","Black or African American","Not Hispanic or Latino","4100 ELDORADO AVE","Northwest","West Arlington",39.335873,-76.689275,"Other/residential","8:25","a.m."
"215","7/9/2026","Auto theft","Outside",NA,"Male","None reported","Black or African American","Not Hispanic or Latino","200 N ROCK GLEN RD","Southwest","Ten Hills",39.286237,-76.705153,"Street","4:30","p.m."
"216","7/10/2026","Auto theft","Outside",NA,"Male","20","Black or African American","Not Hispanic or Latino","4700 ERDMAN AVE","Eastern","Orangeville",39.307469,-76.560611,"Street","12:00","a.m."
"217","7/10/2026","Auto theft","Outside",NA,"Female","27","White","Unknown","2400 MADISON AVE","Western","Reservoir Hill",39.313452,-76.638309,"Street","12:30","a.m."
"218","7/9/2026","Auto theft","Inside",NA,"Male","63","White","Unknown","1700 BOLTON ST","Western","Bolton Hill",39.308458,-76.62818,"Other/residential","10:00","a.m."
"219","7/9/2026","Auto theft","Outside",NA,"Male","54","Black or African American","Unknown","1900 HOPE ST","Eastern","East Baltimore Midway",39.312751,-76.601587,"Street","4:00","p.m."
"220","7/10/2026","Auto theft","Inside",NA,"Male","32","Black or African American","Not Hispanic or Latino","4100 MARIBAN CT","Southern","Brooklyn",39.229225,-76.597851,"Other/residential","12:00","a.m."
"221","7/10/2026","Auto theft","Outside",NA,"Male","38","Black or African American","Not Hispanic or Latino","500 N ARLINGTON AVE","Western","Harlem Park",39.294348,-76.635668,"Street","1:00","a.m."
"222","7/9/2026","Auto theft","Inside",NA,"Male","77","Black or African American","Not Hispanic or Latino","100 ALLENDALE ST","Southwest","Allendale",39.290314,-76.678437,"Other/residential","12:00","p.m."
"223","6/29/2026","Auto theft","Inside",NA,"Female","56","Black or African American","Not Hispanic or Latino","4300 MAINE AVE","Northwest","Central Forest Park",39.328809,-76.690841,"Other/residential","3:20","a.m."
"224","7/8/2026","Auto theft",NA,NA,"Male","23","None reported","Hispanic or Latino","400 N LAKEWOOD AVE","Southeast","Mcelderry Park",39.295843,-76.57946,"Vacant building","5:15","a.m."
"225","7/9/2026","Auto theft","Outside",NA,"Male","22","Black or African American","Unknown","100 DENISON ST","Southwest","Allendale",39.28937,-76.676309,"Street","2:00","a.m."
"226","7/9/2026","Auto theft","Inside",NA,"Male","32","Black or African American","Not Hispanic or Latino","1600 KINGSWAY RD","Northeast","Hillen",39.344467,-76.589198,"Other/residential","1:50","a.m."
"227","7/9/2026","Auto theft","Outside",NA,"Male","49","Black or African American","Unknown","4400 ANNTANA AVE","Northeast","Frankford",39.337916,-76.546031,"Street","6:23","a.m."
"228","7/6/2026","Auto theft","Outside",NA,"Male","33","Black or African American","Unknown","700 PENNSYLVANIA AVE","Central","Seton Hill",39.295804,-76.625639,"Street","10:00","p.m."
"229","7/6/2026","Auto theft","Outside",NA,"Female","42","Black or African American","Not Hispanic or Latino","4700 WRENWOOD AVE","Northern","Wilson Park",39.344645,-76.606765,"Street","8:52","p.m."
"230","7/5/2026","Auto theft","Outside",NA,"Male","28","None reported","Unknown","700 S EAST AVE","Southeast","Canton",39.284075,-76.571545,"Street","4:00","a.m."
"231","7/5/2026","Auto theft","Inside",NA,"Female","49","Black or African American","Hispanic or Latino","3200 PELHAM AVE","Eastern","Belair-Edison",39.322325,-76.567826,"Other/residential","10:00","p.m."
"232","7/5/2026","Auto theft","Outside",NA,"Male","40","Black or African American","Not Hispanic or Latino","5700 NASCO PL","Northeast","Loch Raven",39.359921,-76.587107,"Street","10:00","p.m."
"233","7/5/2026","Auto theft","Outside",NA,"Female","34","Black or African American","Not Hispanic or Latino","3300 CLARKS LN","Northwest","Cross Country",39.365738,-76.695897,"Shed/garage","3:30","p.m."
"234","7/6/2026","Auto theft","Outside",NA,"Female","33","Black or African American","Not Hispanic or Latino","3800 N ROGERS AVE","Northwest","Grove Park",39.337153,-76.701322,"Street","10:00","p.m."
"235","7/6/2026","Auto theft","Inside",NA,"Female","30","Black or African American","Unknown","4200 PRIMROSE AVE","Northwest","Reisterstown Station",39.349739,-76.696311,"Hotel/motel","4:00","a.m."
"236","6/24/2026","Auto theft","Outside",NA,"Female","33","Black or African American","Not Hispanic or Latino","1500 WINSTON AVE","Northeast","Stonewood-Pentwood-Winston",39.35026,-76.590312,"Street","2:00","a.m."
"237","7/7/2026","Auto theft","Outside",NA,"Female","39","Black or African American","Not Hispanic or Latino","5100 ARDMORE WAY","Northeast","Waltherson",39.337941,-76.556336,"Street","12:30","a.m."
"238","6/30/2026","Auto theft","Outside",NA,"Female","31","American Indian or Alaska Native","Not Hispanic or Latino","200 S REGESTER ST","Central","Fells Point",39.288508,-76.592592,"Street","2:00","p.m."
"239","7/4/2026","Auto theft","Outside",NA,"Female","41","White","Not Hispanic or Latino","2500 E FAIRMOUNT AVE","Southeast","Patterson Park Neighborhood",39.293306,-76.580998,"Street","10:30","p.m."
"240","7/3/2026","Auto theft","Outside",NA,"Female","28","White","Unknown","1200 N LONGWOOD ST","Western","Winchester",39.301375,-76.667438,"Street","9:30","a.m."
"241","7/3/2026","Auto theft","Outside",NA,"Male","42","Black or African American","Unknown","4700 IVANHOE AVE","Northern","Wilson Park",39.345,-76.605267,"Street","8:00","p.m."
"242","7/7/2026","Auto theft","Inside",NA,"Female","34","None reported","Hispanic or Latino","200 N PORT ST","Southeast","Patterson Place",39.294826,-76.582627,"Other/residential","2:00","a.m."
"243","7/3/2026","Auto theft","Outside",NA,"Male","41","Black or African American","Not Hispanic or Latino","4600 PARKWOOD AVE","Northeast","Frankford",39.3319,-76.550786,"Street","11:00","p.m."
"244","7/3/2026","Auto theft","Outside",NA,"Male","29","Asian","Not Hispanic or Latino","100 W UNIVERSITY PKWY","Northern","Tuscany-Canterbury",39.335934,-76.622571,"Street","11:00","p.m."
"245","7/4/2026","Auto theft","Outside",NA,"Male","57","Black or African American","Unknown","3900 BOARMAN AVE","Northwest","Callaway-Garrison",39.334578,-76.680962,"Street","3:00","a.m."
"246","7/4/2026","Auto theft","Outside",NA,"Female","70","White","Not Hispanic or Latino","2100 HARGROVE ST","Eastern","Barclay",39.313961,-76.61446,"Street","12:00","a.m."
"247","6/27/2026","Auto theft","Outside",NA,"Female","75","White","Not Hispanic or Latino","3700 2ND ST","Southern","Brooklyn",39.236776,-76.609,"Street","9:00","p.m."
"248","6/28/2026","Auto theft","Outside",NA,"Female","27","Black or African American","Not Hispanic or Latino","4700 SHAMROCK AVE","Northeast","Parkside",39.323349,-76.556778,"Street","2:30","a.m."
"249","6/27/2026","Auto theft","Outside",NA,"Male","35","Black or African American","Not Hispanic or Latino","2800 KIRK AVE","Eastern","Coldstream Homestead Montebello",39.324247,-76.595669,"Street","9:00","p.m."
"250","7/1/2026","Auto theft","Outside",NA,"Male","44","Black or African American","Not Hispanic or Latino","5700 CARDIFF AVE","Southeast","Medford",39.27646,-76.545477,"Street","3:00","a.m."
"251","6/30/2026","Auto theft","Outside",NA,"Female","26","White","Not Hispanic or Latino","100 S CHESTER ST","Southeast","Butchers Hill",39.290158,-76.587516,"Street","8:00","p.m."
"252","7/1/2026","Auto theft","Inside",NA,"Male","22","Black or African American","Hispanic or Latino","5300 BELLEVILLE AVE","Northwest","Howard Park",39.332786,-76.704907,"Unknown","12:00","a.m."
"253","6/30/2026","Auto theft","Inside",NA,"Female","33","Black or African American","Not Hispanic or Latino","5600 WESLEY AVE","Northwest","Howard Park",39.33354,-76.709524,"Other/residential","1:10","p.m."
"254","7/1/2026","Auto theft","Outside",NA,"Male","39","Black or African American","Unknown","5600 BELLE AVE","Northwest","Grove Park",39.339927,-76.704014,"Street","1:30","a.m."
"255","7/8/2026","Auto theft","Outside",NA,"Male","24","Black or African American","Not Hispanic or Latino","1700 HARLEM AVE","Western","Harlem Park",39.296608,-76.644373,"Street","9:00","p.m."
"256","7/8/2026","Auto theft","Inside",NA,"Female","21","Black or African American","Not Hispanic or Latino","1000 PENNSYLVANIA AVE","Western","Upton",39.298232,-76.627695,"Other/residential","2:30","p.m."
"257","7/7/2026","Auto theft","Outside",NA,"Female","30","None reported","Hispanic or Latino","40 N BENTALOU ST","Southwest","Penrose/Fayette Street Outreach",39.288969,-76.653106,"Street","8:24","a.m."
"258","7/8/2026","Auto theft","Inside",NA,"Male","74","White","Unknown","300 ELRINO ST","Southeast","Bayview",39.289724,-76.542751,"Other/residential","12:20","p.m."
"259","7/8/2026","Auto theft","Outside",NA,"Female","1","Black or African American","Not Hispanic or Latino","2100 PRESSTMAN ST","Western","Easterwood",39.305235,-76.652276,"Street","11:08","a.m."
"260","7/8/2026","Auto theft","Outside",NA,"Female","43","Black or African American","Not Hispanic or Latino","2200 PRESSTMAN ST","Western","Coppin Heights/Ash-Co-East",39.305262,-76.652803,"Street","11:26","a.m."
"261","6/27/2026","Auto theft","Inside",NA,"Female","27","Black or African American","Not Hispanic or Latino","3200 BURLEITH AVE","Northwest","Parkway",39.318727,-76.660077,"Other/residential","1:00","p.m."
"262","6/28/2026","Auto theft","Outside",NA,"Male","68","White","Unknown","3100 FOSTER AVE","Southeast","Canton",39.284238,-76.571952,"Street","2:00","a.m."
"263","6/27/2026","Auto theft","Outside",NA,"Male","None reported","White","Unknown","20 E LANVALE ST","Eastern","Charles North",39.308885,-76.615703,"Street","11:30","a.m."
"264","6/28/2026","Auto theft","Outside",NA,"Female","22","None reported","Hispanic or Latino","800 N KENWOOD AVE","Southeast","Madison-Eastend",39.300172,-76.578401,"Street","12:00","a.m."
"265","6/27/2026","Auto theft","Inside",NA,"Female","54","Black or African American","Not Hispanic or Latino","2400 FRANCIS ST","Western","Penn North",39.312349,-76.641789,"Other/residential","12:16","p.m."
"266","6/28/2026","Auto theft","Outside",NA,"Female","38","Black or African American","Not Hispanic or Latino","5100 EDGAR TER","Northeast","Waltherson",39.34375,-76.558247,"Shed/garage","2:30","a.m."
"267","6/28/2026","Auto theft","Outside",NA,"Male","None reported","White","Hispanic or Latino","5300 REMMELL AVE","Northeast","Waltherson",39.341661,-76.554511,"Street","12:10","a.m."
"268","6/28/2026","Auto theft","Inside",NA,"Male","24","Black or African American","Not Hispanic or Latino","6600 EBERLE DR","Northwest","Reisterstown Station",39.355244,-76.710396,"Other/residential","1:19","a.m."
"269","6/27/2026","Auto theft","Outside",NA,"Female","80","Black or African American","Not Hispanic or Latino","1100 WALKER AVE","Northeast","Glen Oaks",39.3716,-76.595581,"Street","8:32","a.m."
"270","6/27/2026","Auto theft","Outside",NA,"Male","43","Black or African American","Not Hispanic or Latino","1300 E FAYETTE ST","Central","Dunbar-Broadway",39.29295,-76.59945,"Gas station","10:41","a.m."
"271","6/26/2026","Auto theft","Inside",NA,"Male","34","White","Unknown","1700 HOLLINS ST","Southwest","Union Square",39.287185,-76.64388,"Other/residential","7:05","p.m."
"272","6/26/2026","Auto theft","Outside",NA,"Female","38","Black or African American","Not Hispanic or Latino","3400 FAIRVIEW AVE","Northwest","Forest Park",39.322101,-76.674575,"Street","4:30","a.m."
"273","7/4/2026","Auto theft","Outside",NA,"Male","46","Black or African American","Not Hispanic or Latino","2000 RAMSAY ST","Southwest","Carrollton Ridge",39.283187,-76.648807,"Street","7:03","p.m."
"274","7/7/2026","Auto theft","Inside",NA,"Female","28","White","Not Hispanic or Latino","4200 FALLS RD","Northern","Hoes Heights",39.340974,-76.639143,"Other/residential","11:15","a.m."
"275","6/27/2026","Auto theft","Inside",NA,"Female","36","Black or African American","Not Hispanic or Latino","600 MURPHY LN","Western","Heritage Crossing",39.295769,-76.628125,"Other/residential","4:00","a.m."
"276","6/28/2026","Auto theft","Inside",NA,"Female","39","Black or African American","Not Hispanic or Latino","200 N HILTON ST","Southwest","Allendale",39.290316,-76.672789,"Other/residential","12:00","a.m."
"277","6/27/2026","Auto theft","Outside",NA,"Female","81","Black or African American","Not Hispanic or Latino","2600 E MADISON ST","Southeast","Madison-Eastend",39.299817,-76.580329,"Street","11:00","p.m."
"278","6/23/2026","Auto theft","Outside",NA,"Female","23","None reported","Not Hispanic or Latino","3100 BONNIE RD","Northwest","Cross Country",39.370979,-76.698411,"Street","2:01","p.m."
"279","6/24/2026","Auto theft","Outside",NA,"Female","35","Black or African American","Not Hispanic or Latino","700 N FULTON AVE","Western","Harlem Park",39.296563,-76.64586,"Street","1:30","a.m."
"280","6/23/2026","Auto theft","Outside",NA,"Male","65","Black or African American","Not Hispanic or Latino","2300 E FAYETTE ST","Southeast","Patterson Place",39.294457,-76.584709,"Street","3:00","a.m."
"281","6/23/2026","Auto theft","Outside",NA,"Male","61","Black or African American","Not Hispanic or Latino","1600 E FEDERAL ST","Eastern","Oliver",39.308367,-76.595575,"Street","2:45","a.m."
"282","7/2/2026","Auto theft","Outside",NA,"Female","56","Black or African American","Unknown","7200 PARK HEIGHTS AVE","Northwest","Cross Country",39.369586,-76.708482,"Shed/garage","2:00","a.m."
"283","7/1/2026","Auto theft","Outside",NA,"Male","38","Black or African American","Unknown","2400 EDMONDSON AVE","Western","Rosemont Homeowners/Tenants",39.294562,-76.656122,"Street","10:00","p.m."
"284","7/1/2026","Auto theft","Outside",NA,"Male","55","Black or African American","Not Hispanic or Latino","4700 HAMILTON AVE","Northeast","Frankford",39.336889,-76.5391,"Street","4:00","p.m."
"285","7/1/2026","Auto theft","Outside",NA,"Male","48","None reported","Unknown","900 PONCA ST","Southeast","Pulaski Industrial Area",39.282752,-76.55427,"Street","4:00","p.m."
"286","7/3/2026","Auto theft","Inside",NA,"Female","48","Black or African American","Unknown","300 S FRANKLINTOWN RD","Southwest","Shipley Hill",39.28329,-76.657412,"Other/residential","6:14","p.m."
"287","7/11/2026","Auto theft","Outside",NA,"Male","64","White","Not Hispanic or Latino","4100 FORDLEIGH RD","Northwest","Reisterstown Station",39.353434,-76.701248,"Street","12:00","a.m."
"288","7/10/2026","Auto theft","Outside",NA,"Female","33","Black or African American","Not Hispanic or Latino","2500 DRUID PARK DR","Northern","Park Circle",39.326951,-76.656709,"Street","5:00","a.m."
"289","6/25/2026","Auto theft","Outside",NA,"Female","36","Black or African American","Unknown","1000 W FAYETTE ST","Southwest","Poppleton",39.290055,-76.633996,"Street","8:00","a.m."
"290","6/26/2026","Auto theft","Outside",NA,"Female","37","White","Unknown","1300 NORTHVIEW RD","Northeast","Original Northwood",39.342772,-76.596396,"Street","1:30","a.m."
"291","7/3/2026","Auto theft","Outside",NA,"Male","28","Black or African American","Not Hispanic or Latino","100 HAMLET HILL RD","Northern","Cross Keys",39.35681,-76.64752,"Street","3:00","p.m."
"292","7/13/2026","Auto theft","Outside",NA,"Male","39","Black or African American","Hispanic or Latino","6000 PARK HEIGHTS AVE","Northwest","Glen",39.356871,-76.689533,"Street","10:50","p.m."
"293","7/14/2026","Auto theft","Outside",NA,"Male","42","White","Hispanic or Latino","1600 MCHENRY ST","Southwest","Mount Clare",39.284506,-76.643266,"Street","2:26","a.m."
"294","7/10/2026","Auto theft","Inside",NA,"Male","55","White","Not Hispanic or Latino","300 N GAY ST","Central","Jonestown",39.29328,-76.607743,"Other/residential","5:50","a.m."
"295","7/10/2026","Auto theft","Inside",NA,"Male","22","Black or African American","Not Hispanic or Latino","5000 LODESTONE WAY","Northeast","Parkside",39.32089,-76.555219,"Other/residential","9:36","p.m."
"296","6/27/2026","Auto theft","Inside",NA,"Male","50","Black or African American","Not Hispanic or Latino","1000 MYRTLE AVE","Western","Heritage Crossing",39.296886,-76.630285,"Other/residential","1:00","a.m."
"297","6/27/2026","Auto theft","Outside",NA,"Male","31","Black or African American","Not Hispanic or Latino","1600 N MONROE ST","Western","Easterwood",39.30713,-76.648222,"Street","1:00","a.m."
"298","6/26/2026","Auto theft","Outside",NA,NA,"None reported","None reported",NA,"1100 INTERSTATE AVE","Southeast","Canton Industrial Area",39.279473,-76.552334,"Mini storage lockers","10:00","p.m."
"299","6/26/2026","Auto theft","Outside",NA,"Male","41","None reported","Hispanic or Latino","400 ANGLESEA ST","Southeast","Bayview",39.288709,-76.546508,"Street","12:00","p.m."
"300","6/27/2026","Auto theft","Outside",NA,"Female","27","Black or African American","Not Hispanic or Latino","900 N ROSE ST","Southeast","Milton-Montford",39.301627,-76.581616,"Street","3:00","a.m."
"301","6/26/2026","Auto theft","Inside",NA,NA,"None reported","None reported",NA,"6800 HARFORD RD","Northeast","North Harford Road",39.365006,-76.550826,"Other/residential","10:30","p.m."
"302","7/4/2026","Auto theft","Inside",NA,"Male","31","None reported","Hispanic or Latino","6700 GERMAN HILL RD","Southeast","Graceland Park",39.28128,-76.534322,"Tavern/night club","7:00","a.m."
"303","7/4/2026","Auto theft","Outside",NA,"Female","None reported","Black or African American","Not Hispanic or Latino","5300 HILLEN RD","Northeast","Perring Loch",39.354964,-76.583119,"Street","4:01","a.m."
"304","7/4/2026","Auto theft","Inside",NA,"Female","25","Black or African American","Unknown","1200 W LOMBARD ST","Southwest","Hollins Market",39.286416,-76.637695,"Other/residential","8:40","a.m."
"305","6/29/2026","Auto theft","Outside",NA,NA,"None reported","None reported",NA,"1800 WORCESTER ST","Southern","Carroll - Camden Industrial Area",39.275376,-76.6288,"Street","1:00","a.m."
"306","6/28/2026","Auto theft","Outside",NA,"Female","19","Black or African American","Not Hispanic or Latino","4500 SHAMROCK AVE","Northeast","Parkside",39.324609,-76.559951,"Street","7:00","a.m."
"307","6/30/2026","Auto theft","Outside",NA,"Male","44","Black or African American","Not Hispanic or Latino","200 AISQUITH ST","Central","Pleasant View Gardens",39.29392,-76.601938,"Street","7:16","a.m."
"308","7/1/2026","Auto theft","Outside",NA,"Female","37","Black or African American","Not Hispanic or Latino","1400 N BROADWAY","Eastern","Oliver",39.30651,-76.595069,"Street","2:00","a.m."
"309","6/30/2026","Auto theft","Outside",NA,NA,"None reported","None reported",NA,"1500 STONEWOOD RD","Northeast","Stonewood-Pentwood-Winston",39.349539,-76.590567,"Street","6:47","a.m."
"310","6/30/2026","Auto theft","Outside",NA,"Female","25","Black or African American","Not Hispanic or Latino","1700 E OLIVER ST","Eastern","Broadway East",39.307412,-76.592841,"Street","10:00","p.m."
"311","6/25/2026","Auto theft","Inside",NA,"Female","28","Black or African American","Not Hispanic or Latino","400 THORNFIELD RD","Southwest","Yale Heights",39.277485,-76.691976,"Other/residential","1:00","a.m."
"312","6/24/2026","Auto theft","Outside",NA,"Female","57","Black or African American","Unknown","2300 E HOFFMAN ST","Eastern","Broadway East",39.306971,-76.585188,"Street","7:06","a.m."
"313","7/6/2026","Auto theft","Outside",NA,"Female","29","None reported","Not Hispanic or Latino","3700 CLARENELL RD","Southern","Violetville",39.264348,-76.678148,"Street","4:00","p.m."
"314","6/23/2026","Auto theft","Outside",NA,"Male","25","White","Not Hispanic or Latino","2000 E CHASE ST","Southeast","Middle East",39.30357,-76.589767,"Street","12:00","p.m."
"315","6/24/2026","Auto theft","Outside",NA,"Male","54","Black or African American","Unknown","1000 E 33RD ST","Northeast","Ednor Gardens-Lakeside",39.329253,-76.60076,"Shed/garage","3:25","a.m."
"316","7/14/2026","Auto theft","Inside",NA,NA,"None reported","None reported",NA,"2600 REISTERSTOWN RD","Western","Auchentoroly-Parkwood",39.318126,-76.651849,"Office building","2:25","a.m."
"317","6/23/2026","Auto theft","Outside",NA,"Female","61","Black or African American","Not Hispanic or Latino","3900 EDGEWOOD RD","Northwest","East Arlington",39.331219,-76.669685,"Street","8:30","p.m."
"318","7/13/2026","Auto theft","Outside",NA,"Male","33","Black or African American","Unknown","2700 SAINT PAUL ST","Northern","Charles Village",39.320794,-76.615824,"Street","5:30","a.m."
"319","7/10/2026","Auto theft","Outside",NA,"Female","40","White","Not Hispanic or Latino","300 WYNDHURST AVE","Northern","Wyndhurst",39.353708,-76.628453,"Street","2:36","p.m."
"320","7/13/2026","Auto theft","Inside",NA,"Male","35","Black or African American","Not Hispanic or Latino","1000 W BALTIMORE ST","Southwest","Poppleton",39.288884,-76.634434,"Other/residential","10:00","a.m."
"321","7/13/2026","Auto theft","Inside",NA,"Male","35","Black or African American","Not Hispanic or Latino","1000 W 36TH ST","Northern","Hampden",39.331221,-76.633121,"Other/residential","10:00","a.m."
"322","7/13/2026","Auto theft","Outside",NA,"Female","26","White","Unknown","3000 ROMARIC CT","Northwest","Cross Country",39.371277,-76.695712,"Shed/garage","1:15","p.m."
"323","7/13/2026","Auto theft","Outside",NA,NA,"None reported","None reported",NA,"1000 ALICEANNA ST","Central","Harbor East",39.283322,-76.599586,"Shed/garage","1:45","p.m."
"324","7/10/2026","Auto theft","Outside",NA,"Male","72","White","Unknown","10 S COLLINGTON AVE","Southeast","Butchers Hill",39.291182,-76.586359,"Street","8:00","p.m."
"325","7/1/2026","Auto theft","Inside",NA,"Male","33","White","Not Hispanic or Latino","1100 SCOTT ST","Southern","Washington Village/Pigtown",39.27908,-76.628442,"Other/residential","1:00","a.m."
"326","6/30/2026","Auto theft","Outside",NA,NA,"None reported","None reported",NA,"2600 LIBERTY HEIGHTS AVE","Northwest","Parkway",39.319919,-76.658529,"Street","9:00","a.m."
"327","7/14/2026","Auto theft","Inside",NA,"Female","39","Black or African American","Unknown","500 BEAUMONT AVE","Northern","Winston-Govans",39.351873,-76.608951,"Other/residential","3:00","a.m."
"328","7/13/2026","Auto theft","Outside",NA,"Male","33","Black or African American","Unknown","2600 PENNSYLVANIA AVE","Western","Penn North",39.311747,-76.644596,"Shed/garage","7:58","p.m."
"329","7/13/2026","Auto theft","Outside",NA,"Male","24","None reported","Not Hispanic or Latino","2300 WHITTIER AVE","Western","Auchentoroly-Parkwood",39.316483,-76.647384,"Street","4:00","a.m."
"330","7/13/2026","Auto theft","Outside",NA,"Female","None reported","White","Unknown",NA,"Southern","Carroll Park",39.278532,-76.63821,"Park","4:00","a.m."
"331","6/26/2026","Auto theft","Outside",NA,NA,"None reported","None reported",NA,"700 W HAMBURG ST","Southern","Washington Village/Pigtown",39.280937,-76.625388,"Shed/garage","9:00","p.m."
"332","6/25/2026","Auto theft","Outside",NA,"Male","36","Black or African American","Unknown","700 CATHEDRAL ST","Central","Mount Vernon",39.297975,-76.616895,"Street","6:24","a.m."
"333","7/11/2026","Auto theft","Outside",NA,"Male","42","Black or African American","Not Hispanic or Latino","2200 W PATAPSCO AVE","Southern","Lakeland",39.251063,-76.646586,"Shed/garage","9:00","p.m."
"334","7/11/2026","Auto theft","Inside",NA,"Female","43","Black or African American","Not Hispanic or Latino","2400 LIBERTY HEIGHTS AVE","Western","Mondawmin",39.318693,-76.6544,"Shopping malls/cntr","3:25","p.m."
"335","6/25/2026","Auto theft","Outside",NA,"Male","49","White","Hispanic or Latino","100 S HAVEN ST","Southeast","Baltimore Highlands",39.291247,-76.562885,"Street","5:30","a.m."
"336","6/24/2026","Auto theft","Inside",NA,"Male","37","Native Hawaiian or other Pacific Islander","Hispanic or Latino","5700 YORK RD","Northern","Rosebank",39.36009,-76.610416,"Other/residential","4:40","p.m."
"337","6/25/2026","Auto theft","Outside",NA,"Male","30","None reported","Hispanic or Latino","600 CHERRYCREST RD","Southern","Cherry Hill",39.248399,-76.621214,"Street","2:00","a.m."
"338","6/25/2026","Auto theft","Outside",NA,"Female","27","Black or African American","Unknown","2300 EDMONDSON AVE","Western","Rosemont Homeowners/Tenants",39.294974,-76.653917,"Street","12:00","a.m."
"339","6/24/2026","Auto theft","Outside",NA,"Male","21","White","Hispanic or Latino","2800 E FAYETTE ST","Southeast","Mcelderry Park",39.29466,-76.577281,"Street","6:15","a.m."
"340","6/24/2026","Auto theft","Inside",NA,"Female","44","Asian","Hispanic or Latino","3400 7TH ST","Southern","Brooklyn",39.238848,-76.599496,"Other/residential","12:00","p.m."
"341","6/24/2026","Auto theft","Outside",NA,"Male","38","None reported","Hispanic or Latino","1400 DARLEY AVE","Eastern","Darley Park",39.315035,-76.59628,"Street","8:00","a.m."
"342","6/24/2026","Auto theft","Inside",NA,"Female","42","Black or African American","Unknown","4000 CLIFTON AVE","Northwest","Gwynns Falls/Leakin Park",39.311996,-76.684822,"Public building","7:45","p.m."
"343","7/12/2026","Auto theft","Inside",NA,"Male","18","None reported","Hispanic or Latino","200 N PORT ST","Southeast","Patterson Place",39.294826,-76.582627,"Other/residential","6:45","a.m."
"344","7/12/2026","Auto theft","Outside","Personal weapons","Male","44","Black or African American","Not Hispanic or Latino","900 BROOKS LN","Western","Reservoir Hill",39.315378,-76.637362,"Gas station","11:24","a.m."
"345","7/1/2026","Auto theft","Outside",NA,"Male","52","Black or African American","Unknown","5600 TRAMORE RD","Northeast","Hamilton Hills",39.357494,-76.567367,"Street","5:00","a.m."
"346","6/29/2026","Auto theft","Inside",NA,"Male","37","Black or African American","Hispanic or Latino","1100 N KENWOOD AVE","Southeast","Biddle Street",39.304313,-76.578172,"Other/residential","3:30","a.m."
"347","6/28/2026","Auto theft","Outside",NA,"Male","34","None reported","Hispanic or Latino","6700 DULUTH AVE","Southeast","Graceland Park",39.278746,-76.533153,"Street","2:45","a.m."
"348","6/29/2026","Auto theft","Outside",NA,"Female","24","Black or African American","Unknown","100 S ATHOL AVE","Southwest","Irvington",39.28371,-76.688718,"Street","7:00","a.m."
"349","6/29/2026","Auto theft","Outside",NA,"Female","70","Black or African American","Unknown","3900 BOWERS AVE","Northwest","Grove Park",39.338819,-76.702838,"Street","4:30","p.m."
"350","6/30/2026","Auto theft","Outside",NA,"Male","58","Black or African American","Not Hispanic or Latino","2300 EDMONDSON AVE","Western","Rosemont Homeowners/Tenants",39.294627,-76.654348,"Street","2:00","a.m."
"351","6/28/2026","Auto theft","Outside",NA,"Male","43","Black or African American","Not Hispanic or Latino","3600 CHESTERFIELD AVE","Eastern","Belair-Edison",39.31947,-76.563561,"Street","8:00","p.m."
"352","6/28/2026","Auto theft","Outside",NA,"Female","None reported","Black or African American","Not Hispanic or Latino","2200 VINE ST","Southwest","Penrose/Fayette Street Outreach",39.28992,-76.651644,"Shed/garage","11:00","p.m."
"353","6/28/2026","Auto theft","Outside",NA,"Female","25","Black or African American","Not Hispanic or Latino","3300 LIBERTY HEIGHTS AVE","Northwest","Forest Park",39.324093,-76.671748,"Street","8:26","a.m."
"354","6/29/2026","Auto theft","Inside",NA,"Male","40","Black or African American","Unknown","100 S MONASTERY AVE","Southwest","Saint Josephs",39.28466,-76.679868,"Other/residential","12:00","a.m."
"355","6/29/2026","Auto theft","Outside",NA,"Male","74","White","Unknown","2200 EDMONDSON AVE","Western","Midtown-Edmondson",39.29504,-76.653063,"Street","2:22","a.m."
"356","7/1/2026","Auto theft","Outside",NA,"Male","41","White","Not Hispanic or Latino","5800 MERVILLE AVE","Northwest","Mount Washington",39.360815,-76.677358,"Street","2:17","a.m."
"357","6/30/2026","Auto theft","Inside",NA,"Female","44","Black or African American","Not Hispanic or Latino","100 N EDGEWOOD ST","Southwest","Allendale",39.289559,-76.677227,"Other/residential","11:10","a.m."
"358","6/30/2026","Auto theft","Outside",NA,"Male","24","None reported","Hispanic or Latino","2900 E BALTIMORE ST","Southeast","Patterson Park Neighborhood",39.292395,-76.575998,"Street","4:30","a.m."
"359","6/30/2026","Auto theft","Outside",NA,"Male","22","None reported","Hispanic or Latino","3400 ESTHER PL","Southeast","Baltimore Highlands",39.294127,-76.569017,"Street","8:50","p.m."
"360","7/7/2026","Auto theft","Outside",NA,"Male","25","Unknown","Hispanic or Latino","2400 KEYWORTH AVE","Northern","Greenspring",39.335126,-76.658769,"Street","6:00","a.m."
"361","7/7/2026","Auto theft","Outside",NA,"Male","69","Black or African American","Unknown","3500 WHITE CHAPEL RD","Northwest","Ashburton",39.326801,-76.671857,"Street","9:00","p.m."
"362","7/7/2026","Auto theft","Outside",NA,"Male","33","Black or African American","Unknown","1 N HIGHLAND AVE","Southeast","Baltimore Highlands",39.292855,-76.56925,"Street","12:30","p.m."
"363","7/8/2026","Auto theft","Outside",NA,"Male","73","Black or African American","Not Hispanic or Latino","200 N CULVER ST","Southwest","Saint Josephs",39.288978,-76.67381,"Street","3:00","a.m."
"364","7/8/2026","Auto theft","Outside",NA,"Male","26","Black or African American","Not Hispanic or Latino","2200 PARK HILL AVE","Northern","Woodberry",39.332556,-76.653317,"Street","3:00","a.m."
"365","7/11/2026","Auto theft","Outside",NA,"Female","42","Black or African American","Not Hispanic or Latino","400 S BROADWAY","Central","Fells Point",39.285722,-76.593192,"Street","1:24","a.m."
"366","7/10/2026","Auto theft","Inside",NA,"Female","26","Black or African American","Not Hispanic or Latino","4900 ALSON DR","Southwest","West Hills",39.293638,-76.704963,"Other/residential","12:30","a.m."
"367","7/10/2026","Auto theft","Inside",NA,"Female","26","None reported","Unknown","3100 BAKER ST","Northwest","Rosemont",39.30562,-76.670474,"Other/residential","3:30","a.m."
"368","7/9/2026","Auto theft","Inside",NA,"Male","60","Black or African American","Not Hispanic or Latino","5800 GLENKIRK CT","Northeast","Ramblewood",39.362588,-76.589463,"Other/residential","11:54","p.m."
"369","6/26/2026","Auto theft","Outside",NA,"Female","54","White","Not Hispanic or Latino","5900 SIMMONDS AVE","Northwest","Glen",39.359738,-76.681828,"Street","6:40","a.m."
"370","6/26/2026","Auto theft","Inside",NA,"Female","45","Black or African American","Unknown","5000 CARMINE AVE","Northwest","Franklintown",39.306531,-76.707398,"Other/residential","3:55","p.m."
"371","6/27/2026","Auto theft","Inside",NA,"Female","63","White","Not Hispanic or Latino","3900 LABYRINTH RD","Northwest","Fallstaff",39.361169,-76.705872,"Other/residential","3:00","a.m."
"372","6/28/2026","Auto theft","Inside",NA,"Male","39","Black or African American","Not Hispanic or Latino","3000 SPAULDING AVE","Northern","Central Park Heights",39.349393,-76.672517,"Other/residential","10:00","a.m."
"373","6/28/2026","Auto theft","Inside",NA,"Male","44","White","Unknown","3 MALLOW HILL RD","Southwest","Westgate",39.284976,-76.710251,"Other/residential","7:30","p.m."
"374","6/28/2026","Auto theft","Outside",NA,"Male","45","Black or African American","Not Hispanic or Latino","4500 EDMONDSON AVE","Southwest","Rognel Heights",39.294358,-76.693524,"Shed/garage","7:00","p.m."
"375","6/29/2026","Auto theft","Outside",NA,NA,"None reported","None reported",NA,"1500 ROUNDHILL RD","Northeast","Hillen",39.338011,-76.592856,"Street","1:00","a.m."
"376","6/28/2026","Auto theft","Outside",NA,"Female","39","Black or African American","Not Hispanic or Latino","5200 BEAUFORT AVE","Northwest","Arlington",39.346997,-76.680089,"Street","4:00","p.m."
"377","7/4/2026","Auto theft","Outside",NA,"Female","69","Black or African American","Not Hispanic or Latino","4300 PLAINFIELD AVE","Northeast","Parkside",39.324477,-76.558397,"Street","2:00","p.m."
"378","7/7/2026","Auto theft","Outside",NA,"Female","52","None reported","Hispanic or Latino",NA,"Southwest","Edgewood",39.297615,-76.675326,"Street","3:00","a.m."
"379","7/6/2026","Auto theft","Inside",NA,"Male","48","Unknown","Hispanic or Latino","500 ORKNEY RD","Northern","Belvedere",39.363189,-76.606974,"Other/residential","4:00","a.m."
"380","6/23/2026","Auto theft","Outside",NA,"Male","26","Black or African American","Not Hispanic or Latino","3400 ALTO RD","Northwest","Hanlon-Longwood",39.317512,-76.67522,"Street","7:00","a.m."
"381","6/29/2026","Auto theft","Outside",NA,"Male","32","Black or African American","Not Hispanic or Latino","700 UNETTA AVE","Southwest","Saint Agnes",39.273454,-76.675343,"Street","2:00","a.m."
"382","6/30/2026","Auto theft","Outside",NA,"Male","58","Black or African American","Not Hispanic or Latino","2600 ROBB ST","Eastern","Coldstream Homestead Montebello",39.319583,-76.59722,"Street","4:00","p.m."
"383","6/30/2026","Auto theft","Inside",NA,"Female","35","Black or African American","Not Hispanic or Latino","3900 MONDAWMIN AVE","Northwest","Windsor Hills",39.314691,-76.681855,"Other/residential","12:52","p.m."
"384","6/30/2026","Auto theft","Outside",NA,"Male","57","None reported","Hispanic or Latino","2100 ESSEX ST","Southeast","Canton",39.284879,-76.585485,"Street","7:00","p.m."
"385","6/30/2026","Auto theft","Inside",NA,"Female","None reported","Black or African American","Not Hispanic or Latino","600 PERKINS ST","Western","Heritage Crossing",39.296189,-76.628666,"Other/residential","8:28","a.m."
"386","7/6/2026","Auto theft","Outside",NA,"Male","48","Black or African American","Unknown","300 FOLCROFT ST","Southeast","Bayview",39.290427,-76.541805,"Street","2:25","p.m."
"387","7/4/2026","Auto theft","Outside",NA,"Male","41","Black or African American","Not Hispanic or Latino","800 N EUTAW ST","Central","Seton Hill",39.299208,-76.621741,"Street","12:53","a.m."
"388","7/3/2026","Auto theft","Outside",NA,"Female","19","Black or African American","Not Hispanic or Latino","3800 COTTAGE AVE","Northern","Greenspring",39.333338,-76.659689,"Street","8:00","p.m."
"389","6/24/2026","Auto theft","Inside",NA,"Male","45","Black or African American","Not Hispanic or Latino","1400 WINSTON AVE","Northeast","New Northwood",39.350136,-76.593217,"Other/residential","12:00","a.m."
"390","7/4/2026","Auto theft","Inside",NA,"Female","28","Black or African American","Not Hispanic or Latino","2300 JEFFERSON ST","Southeast","Mcelderry Park",39.296672,-76.584921,"Other/residential","6:00","p.m."
"391","7/4/2026","Auto theft","Inside",NA,"Male","35","Black or African American","Unknown","1300 W LOMBARD ST","Southwest","Union Square",39.286378,-76.638385,"Other/residential","7:00","a.m."
"392","7/4/2026","Auto theft","Inside",NA,"Female","34","Black or African American","Not Hispanic or Latino","800 W FAYETTE ST","Southwest","Poppleton",39.290126,-76.631585,"Other/residential","2:00","p.m."
"393","7/4/2026","Auto theft","Inside",NA,"Female","58","Black or African American","Unknown","200 MISSION BLVD","Southern","Baltimore Peninsula",39.265394,-76.608901,"Other/residential","7:30","p.m."
